{"products":[{"id":"0.6231988935001938","qty":1}],"totalPrice":19.999999999999996}